District,Platform,Job_Link,Org_ID
Big Horn School District 1,Applitrack,https://www.applitrack.com/bighorn1/onlineapp/JobPostings/view.asp?all=1,
Big Horn School District 2,Applitrack,https://www.applitrack.com/bgh2/onlineapp/default.aspx?all=1,
Big Horn School District 3,Applitrack,https://www.applitrack.com/bighorn/onlineapp/default.aspx?all=1,
Big Horn School District 4,Applitrack,https://www.applitrack.com/bgh4/onlineapp/default.aspx?all=1,
Carbon County School District 1,Applitrack,https://www.applitrack.com/crb1/onlineapp/jobpostings/view.asp?all=1,
Carbon County School District 2,Applitrack,https://www.applitrack.com/crb2/onlineapp/default.aspx?all=1,
Converse County School District 2,Applitrack,https://www.applitrack.com/converse2/onlineapp/default.aspx?all=1,
Converse County School District 1,Applitrack,https://www.applitrack.com/ccsd1/onlineapp/default.aspx?all=1,
Fremont County School District 1,Applitrack,https://www.applitrack.com/fremontwy/onlineapp/jobpostings/view.asp?all=1,
Fremont County School District 21,Applitrack,https://www.applitrack.com/fortwashakieschool/onlineapp/default.aspx?all=1,
Fremont County School District 24,Applitrack,https://www.applitrack.com/fremont24/onlineapp/default.aspx?all=1,
Fremont County School District 6,Applitrack,https://www.applitrack.com/fre6/onlineapp/default.aspx?all=1,
Fremont County School District 14,Applitrack,https://www.applitrack.com/fremont14/onlineapp/default.aspx?all=1,
Park County School District 1,Applitrack,https://www.applitrack.com/park1/onlineapp/default.aspx?all=1,
Park County School District 6,Applitrack,https://www.applitrack.com/park6/onlineapp/default.aspx?all=1,
Sheridan County School District 1,Applitrack,https://www.applitrack.com/sheridanwy/onlineapp/default.aspx?all=1,
Sheridan County School District 2,Applitrack,https://www.applitrack.com/scsd2/OnlineApp/default.aspx?all=1,
Sweetwater County School District 1,Applitrack,https://www.applitrack.com/sweetwater/onlineapp/default.aspx?all=1,
Sweetwater County School District 2,Applitrack,https://www.applitrack.com/swcsd2/onlineapp/default.aspx?all=1,
Teton County School District 1,Applitrack,https://www.applitrack.com/tcsd/onlineapp/default.aspx?all=1,
Uinta County School District 1,Applitrack,https://www.applitrack.com/uinta/onlineapp/jobpostings/view.asp?all=1,
Washakie County School District 1,Applitrack,https://www.applitrack.com/washakie1/onlineapp/default.aspx?all=1,
Fremont County School District 2,TedK12,https://fremont2.tedk12.com/hire/index.aspx,
Goshen County School District 1,TedK12,https://goshen.tedk12.com/hire/index.aspx#aJobListings,
Crook County School District 1,SchoolSpring,https://crook1.schoolspring.com/,
Laramie County School District 1,SchoolSpring,https://laramie1.schoolspring.com/,
Natrona School District 1,SchoolSpring,https://natronaschools.schoolspring.com/,
Laramie County School District 2,SchoolSpring,https://laramie2.schoolspring.com/,
Fremont County School District 25,SchoolSpring,https://fremont25.schoolspring.com/,
Albany County School District 1,SchoolSpring,https://acsd1.schoolspring.com/,
Campbell County School District 1,SchoolSpring,https://campbell.schoolspring.com/,
Johnson County School District 1,RedRoverK12,https://jobs.redroverk12.com/org/jcsd1,3146
Hot Springs County School District 1,RedRoverK12,https://jobs.redroverk12.com/org/hotsprings1,3034
Fremont County School District 38,RedRoverK12,https://jobs.redroverk12.com/org/FCSD38,3343
Lincoln County School District 1,RedRoverK12,https://jobs.redroverk12.com/org/3415,3415
Sublette County School District 9,RedRoverK12,https://jobs.redroverk12.com/org/SCSD9,3106
