District,Job Link
Crook County School District 1,https://crook1.schoolspring.com/
Laramie County School District 1,https://laramie1.schoolspring.com/
Natrona School District 1,https://natronaschools.schoolspring.com/
Laramie County School District 2,https://laramie2.schoolspring.com/
Fremont County School District 25,https://fremont25.schoolspring.com/
Albany Count School District 1,https://acsd1.schoolspring.com/
Campbell County Scholl District 1,https://campbell.schoolspring.com/
Johnson County School District 1,https://jobs.redroverk12.com/org/jcsd1
Hot Springs County School District 1,https://jobs.redroverk12.com/org/hotsprings1
